Kit Cartões para Scrap Momentos By Ivana Madi - Amor,0
Capa Nokia 530 TPU Branco,0
Preta Gil Esmalte Cremoso Cinza Luxo 9ml,0
Kit Cartões para Scrap Momentos By Ivana Madi - Gravidez,0
Paliteiro Plástico - Plasútil,0
Relógio Diesel Doubledown Dz4313/Bn,0
Fonte Caregador Para Lenovo Thinkpad T440p - 20v 3.25a,0
Cinta Elástica Lombar Salvapé Lite 161 Lt,0
Conjunto De Maletas Bottles - Metrópole,0
Forma para Pudim Banho Maria Com Tampa - Eirilar,0
Iphone X 256gb Modelo 1901 Anatel/ Com Nota Fiscal,1
Capacete Ls2 Ff358 Réplica Alex Barros,0
Bumper / Case Iphone 4/4s Iface  Revolution  / Película (Branco),0
Capa Lg L3 Ii Tpu Preto,0
Kit Pulseira Masculina Couro E Tubo Açaí,0
Kit 4 Tintas Para Hp Hp 970 | 971|  Pro X476dw | Cn625am Pigmentada Cmyk 100ml,0
Capa Lg G4 / Dual Silicone Tpu Premium - Husky - Fumê,0
Roupeiro Infantil 4 Portas e 2 Gavetas Branco/Azul 62d402 - Rodial,0
Capa Transparente Nokia 640 Life - Cristal Flexível Premium,0
Capa Flip Cover Motorola Moto E Preto,0
Samsung A7 2017 64gb Novo A720 Lacrado Anatel 3gb Ram 16mp,1
Lápis Para Olhos Delineador Tracta Dark Bla,0
Rack Em Madeira Maciça Com 2 Gavetas Fort Jones - Castanho Canela,0
Capa Samsung Galaxy S3 Tpu Roxo - Idea,0
Aplique Madeira E Papel Placa Caranguejo Lmapc-259 - Litocart,0
Capa Samsung Galaxy Grand Duos Tpu Vermelho,0
"Bateria 3,6v 600mah 3xaa Para Telefone Sem Fio 60a",0
Pincel Pink Para Sombra Koloss BK7,0
Capa Samsung Galaxy S4 PC Quatro Pontos Cinza - IDEA,0
Capa Motorola Moto G TPU Esmalte Verde Claro,0
Capa Nokia 720 TPU Roxo,0
Iphone 6 Plus 64gb Lacrado E Cabo Lighting,1
Estêncil Para Pintura Simples 10x10 Manche - Opa1714 - Opa,0
"Fonte Carregador Ibm Lenovo V100 V200 - 20v 3,25a",0
Smartphone Motorola Moto Z2 Play Xt1710 4gb/64gb 5.5'' Dual,1
Capa Samsung Galaxy Young TPU Branco,0
Smartphone Xiaomi Redmi Note 4 32gb 3gb Ram Dual Chip Global,1
Caterpillar Cat S60 Dualsim 32gb Tela 4.7 Infravermelho Flir,0
Kit Pulseira Masculina Feminina Couro E Crucifixo,0
Ssd Gamer Hyperx Kingston Savage 240gb 2.5 Sata Iii Shss37a/240g,0
Antena Externa Para Celular 800 Mhz 17dbi Cf817 Aquário,0
Capa Transparente E Película Underbody Lg G2 Lite,0
Corretivo 3 Em 1 Siligel Ultra Ortho Pauher,0
"Fonte Carregador Sony Vaio Vgn-Cr19vn/B Vgn-Cr19xn/B - 19,5v 3,3a",0
Maquina Para Corte E Acabamento De Pelo / Cabelo Wahl Detailer 5 Star Series Bivolt,0
Capa Transparente Nokia 535 - Cristal Flexível Premium,0
Iphone 5s 16gb Original Com Nota Fiscal Danfe,1
Patins Radical Roller G (38-41) - Bel Sport,0
Celular Samsung J400m Galaxy J4 Violeta 32 Gb,1
"Celular Lg K10 Novo 2017 4g M250ds 32gb Titânio Tela 5,3",1
Bumper  Case Kate Spade Premium Ny Iphone 4/4s  Pingente (Bd01),0
Bumper Para Iphone 6 Dual Color - Transparente Com Lilás,0
Álbum para Scrap Momentos - Pequeno Marfim e Kraft - Toke e Crie - 16156,0
Fonte Compativel Hp Cq40 Cq42 Cq45 G42 Dv4 Dv5 - 18.5v,0
"Fonte Carregador Ibm Lenovo Thinkpad X61 Tablet - 20v 3,25a",0
Capa Hexa Apple Iphone 5 / 5s Mycapa Preta / Laranja,0
Capa Motorola D3 TPU Cinza - IDEA,0
Caixa De Papelão Para Pipoca Branca Com Bolinha Rosa Com 8 Unidades Dafesta,0
Treliche Juvenil c/ Armário Embutido e 2 Gavetas - MDP 15 mm - Laca Azul,0
Máscara Eico Fios De Ouro 240g,0
Pelicula De Vidro Tempera Para Lg G4 H815p H818p,0
"Smartphone Samsung Galaxy S8 Plus Dual Chip Preto com 64GB, Tela 6.2”, Android 7.0, 4G, Câmera 12MP e Octa-Core",1
Capa Transparente E Película Underbody Nokia Lumia 530,0
Gabinete Gamer Strike X Advance En58032 Vermelho Aerocool,0
Smoby-Carrinho De Puxar Gulliver 5031,0
Aplique Madeira e Papel Placa Letra V Menino LMAPC-288 - Litocart,0
Capa Samsung Gran Duos Rosa - Idea,0
"Smartphone Asus Zenfone 4 Max ZC554KL Rosa com 16GB, Tela 5.5"", Dual Chip, Câmera Traseira Dupla, 4G, Android 7.0, Processador Quad Core e 2GB RAM",1
Tag Coleção Vintage - Canvas,0
Soutien para Mastectomia com Renda 630 Esbelt,0
"Fonte Carregador Sony Vaio Vgn-Fj180p Vgn-Fj180p/G Vgn-Fj180p/L Vgn-Fj180p/R Vgn-Fj180p/W - 19,5v",0
Capa Transparente E Película Underbody  Nokia Lumia 830,0
Fonte Caregador Para Lenovo Thinkpad T540p - 20v 3.25a,0
Kit Passeio Frozen Bolsa  Escova E Espelho 2505 - Rosita,0
Guardanapo De Papel Marrom Com Bolinha Azul Dafesta,0
Xiaomi Redmi Note 5 64gb Dual Global + Combo + Nota Fiscal,1
Ventilador De Teto Venti-Delta New Beta Preto 3 Velocidades 110v,0
Adaptador DVI Fêmea x HDMI Macho - Genérico,0
Iphone 5s 16gb Novo! Lacrado! Original! Garantia 3 Meses,1
Smartphone Xiaomi Mi A2 Lite Global 3gb Ram 32gb P/ Entrega,1
Capa Iphone 6 Tpu Flores,0
Carboplex Malto 1kg - Advanced Nutrition,0
Capa Preta E Película Underbody Samsung Galaxy Trend 3,0
Blush Up Dailus Color 12 Chocolate,0
Eucerin Hyaluron Filler Noite Com 50 Ml,0
"Celular Smartphone Tp-link Neffos C5l 4g Lte 4.5"" 8gb Branco",1
Celular Lg K10 Dual 4g Tela 5.3 2gb Ram 2  Câmeras Android 7,1
Capa Flexível - Samsung Galaxy A7,0
Toner Para Impressora Hp Cf83x | Cf-83 | M5 Compatível .5k,0
Tamborete Do Bob Zoom,0
Andador E Balanço Cavalinho Rosa Divertido 8302 - Braskit,0
Mochila de Trekking Cargueira Nautika Intruder 45 Litros Marrom e Preto,0
Bracadeira Sony Xperia Z3 Compact - Underbody,1
Deva Curl Heaven In Hair Hidratação Profunda 250gr - Fab Deva Cosméticos,0
Celular Samsung J400m Galaxy J4 Violeta 32 Gb,1
Fonte 800W modular para PC Gamer e Workstation Pixxo 80+ SLI PFC ativo ATX 2.2 PT800W,0
Isolon 2lbs - Black Skull,0
Capa Transparente E Película Underbody Samsung Galaxy A5,0
Capa Samsung Galaxy Fame Tpu Transparente,0
"Smartphone Motorola Moto G6 Plus XT1926 Índigo 64GB, Tela de 5.9"", Dual Chip, Android 8.0, Câmera Traseira Dupla, Processador Octa-Core e 4GB de RAM",1
Capa Samsung Galaxy Pocket Neo S5310 TPU Amarelo,0
Celular  Samsung Galaxy J7 Prime 2 32gb Preto + Tv Digital,1
Calça Segunda Pele X-Thermo DS Lady - Solo - PRETA - PP,0
Celular Redmi Xiaomi 5a 4g 2gb Ram 16gb Tela 5.0 Original,1
"Sensor Temperatura Ar Iguaçu Chrysler, Dodge, Pont",0
Relax Foot 1040 Orthopauher,0
"Smartphone  Samsung Galaxy S5 Duos SM-G900 Preto com Dual Chip,Tela 5.1"", Android 4.4, 4G, Câmera 16MP e Processador Quad Core 2.5GHz",1
Galderma Cetaphil Loção De Limpeza - 300ml,0
Capa Lg L4 Ii Tpu Amarelo,0
"Smartphone Asus Zenfone 4 Selfie ZD553KL Rose Gold com 64GB, Tela 5.5"", Dual Chip, Câmera Frontal Dupla, Android 7.0, Processador Octa Core e 4GB RAM",1
Capa Plastica Bracadeira - Prova Dagua,0
Capa Case Samsung Galaxy Tab 4 - 8´ T330 Giratória 360º / Caneta Touch (Preto),0
Smartphone Motorola Moto C Plus 16gb Mem 4g Dual 2gb Ram,1
Aplique Madeira E Papel Placa Cavalo Marinho Lmapc-265 - Litocart,0
Hydrolisys 2lbs - Black Skull-morango,0
Isolate Definition 900 G - Body Action,0
Celular Motorola G5 32gb Android Tela 5 Câmera 13mp + Fone,1
"Smartphone Microsoft Lumia 640XL Dual Preto com Windows Phone 8.1, Tela de 5.7"", Dual Chip, 3G, Câmera 13MP e Processador Quad Core de 1.2 GHz",1
Capa Motorola Moto G TPU Esmalte Branco,0
Smartphone Lenovo K8 Note 32gb 3gb Ram 4g Dual Sim Tela 5.5,1
Dermotivin Control Sabonete Líquido Com 120ml,0
Capa Samsung Galaxy Gran Duos Piano,0
Celular Xiaomi Redmi 6 32gb 3gb Ram Dual Camera Novo Lacrado,1
Exceed Energy Gel (cx c/ 10 uni) - Advanced Nutrition-Banana,0
Capa Motorola Moto E Bolinha Rosa/Branco,0
Celular Xiaomi Mi A2 Lite 64gb 4g Ram  Lacrado Envio 24hs,1
Meia Cano Médio Masculina Hang Loose,0
Capa Nokia 620 TPU Vermelho - IDEA,0
"Smartphone Sony Xperia XA1 Plus G3426 Dourado com 32GB, Tela 5,5"", Dual Chip, Câmera 23MP, 4G, Android 7.0, Processador Octa-Core e 4GB RAM",1
Cantinho da Leitura - Ciabrink,0
"Iphone 6 16gb Apple Tela 4,7 Garantia Novo Original Apple",1
Motorola Moto G6 Play 32gb Índigo Xt1922 Leia Anuncio,1
Capa Lg L3 Ii Tpu Vermelho - Idea,0
Guardanapo De Papel Folha Simples Amarelo 30 X 33cm Pacote Com 50 Unidades Dafesta,0
Smartphone Motorola Moto C Plus 16gb Mem 4g Dual 2gb Ram,1
Fone Com Microfone Phn-M82mv/Bk Com Cont. Volume Mymax Preto,0
Motorola Moto G5s Plus 32gb G 5s Xt1805 2chip 4k 13mp,1
Toner Samsung Clp 325 | Clx3185fw | Y407s Yellow Compatível,0
Smartphone Xiaomi Mi A2 Dualsim 4gb/32gb 5.99' Versão Global,1
"Smartphone Samsung Galaxy S9 Plus Preto 128gb, Tela Infinita",1
"Smartphone Desbloqueado Samsung Galaxy S6 Edge SM-G925I Verde com 64GB, Tela de 5.1"", Android 5.0, 4G, Câmera 16 MP e Processador Octa Core",1
"Smartphone Asus Zenfone 4 Max ZC554KL Gold com 16GB, Tela 5.5"", Dual Chip, Câmera Traseira Dupla, 4G, Android 7.0, Processador Quad Core e 2GB RAM",1
Capa De Silicone Fumê Para Iphone 6 Plus,0
Tinta Sublimatica Inkprinter Para Transfer E Sublimação Impressora Epson (4x250 Ml),0
Iphone 8 Plus 64gb Original Lacrado Homologado Atanel,1
Tinta L800 Para Epson Bulk Ink High Definition Aton Black 1 Litro,0
Iphone 8 256gb Dourado,1
Cabo De Dados E Carregador Estilo Corda Micro Usb  Metros - Branco,0
Condicionador Leave-In Silicon Mix Proteína De Perla - 236ml,0
Celular Motorola Moto G6 Play Xt1922 4g 32gb Dual Android 8,1
Mexedor Para Café Colorido Com 500 Unidades Plastfood,0
Capa Iphone 4/4s K7 Tape Roxo - Idea,0
Kit Forminha Poa Vermelho Com 24 Unidades Decorplastic,0
Capa Lg G2 Tpu Rosa,0
Capa Samsung Galaxy S4 TPU Duplo Branco e Preto,0
Control System Professional Vibrant Hair Spray - Spray de Fixação 400ml,0
Capa Transparente E Película Underbody Samsung Galaxy A7 Duos,0
Pelicula De Vidro Temperado Para Celular Lg G2 Lite D295,0
"Colchão Casal Queen Ecoline D-45 C/ Sistema Antiácaro, Antifungo E Antialérgico (158x198x25)",0
Batom Líquido Matte Tracta,0
Capa Lg T375 Tpu Preto,0
Gabinete K-mex Cg-03a6 - Usb 3.0 - Sem Fonte,0
Lentes Celular 4 Em 1 Telescopica Zoom 10x Universal Fisheye,0
Smartphone Samsung A530f Galaxy A8 Duos Dual Tela 5.6 64gb,1
Capa Motorola Moto E TPU Rosa,0
Capa Samsung Galaxy Duos Pc Colorida Rosa,0
Tinta Para Cartucho Canon Pg210 | Mp495 Black Pigmentada 1 Litro,0
"Smartphone LG K4 Novo, Titânio, X230DS,Tela de 5´´, 8GB, 8MP, OI",1
Mala Pequena Em Abs Prata - Travel Max,0
Leave in Kpro Queratan Cabelos Cacheados 240g,0
"Smartphone Samsung Galaxy A8 Plus Dourado com 64GB, Dual Chip, Display Infinito de 6"", Android 7.1, Câmera 16MP, Proteção IP68, Octa Core e RAM de 4GB",1
Celular Xiaomi Redmi Note 4x 64gb 4gb Ram Original Lacrado,1
Capa Motorola Moto G Tpu Love Cartoon,0
Exceed Energy Gel (cx c/ 10 uni) - Advanced Nutrition,0
Blush Up Dailus Color 16 Terra,0
Cadeira Infantil Em Madeira Torneada - Laca Vermelha,0
Capa Motorola Moto G Tpu Estrelas,0
Kit 4 Tintas A Cartucho Hp 940 Cmyk Aton 100ml,0
Protetor De Joanete Orthopauher 401 Orthopauher,0
Substianeolhos 15ml,0
Celular  Samsung Galaxy J7 Prime 2 32gb Preto + Tv Digital,1
"Computador Neologic NLI48172 Intel Core i5-4440 8GB 500GB + Monitor 21,5"" Windows 7",0
Refil De Toner E Chip Para Xerox 3428 | 3428dn 200g,0
Batom Vult Nº41,0
Película Protetora Para Galaxy Note 3 N9000 - Anti Shock,0
Cabo Usb Retrátil  3 Adaptadores Preto - Muvit,0
Adaptador De Placa De Som 7.1 Usb Knup Hb-T64,0
"Iphone 8 64gb Vermelho Lacrado Nf Anatel 3388,88 Avista",1
Capa De Silicone Fumê Para Motorola Moto G 2014 2° Geração,0
"Tampa Do Distribuidor  Delphi Ipanema, Kadett, Mon",0
Size Mass 72.700 3kg - Brn Foods,0
Apple Iphone 6 64gb Rfb Lacrado! Oferta Imperdível! Confira!,1
Celular Samsung A530f Galaxy A8 Duos Dual Tela 5.6'' 64gb,1
Kit Telefone Celular Fixo Prokd-6000 Preto Proeletronic,0
Capa Lg L3 Ii Tpu Roxo - Idea,0
Celular Smartphone Moto E4 Plus 5.5 16gb Biometria Dual Sim,1
Celular Samsung Galaxy J7 Prime 2 32gb Dourado + Tv Digital,1
Pinça Silver Gold Reta - Enox Belliz,0
Celular Motorola Moto C 16g Plus Quad Core Dual Sim Tela 5,1
Papel Scrap Puro Glitter Branco SDPG15 - Toke e Crie,0
