TITLE,smartphone
Capa Samsung Galaxy S5 Mini Pc Couro Branco,0
Cabo Usb Retrátil  3 Adaptadores Preto - Muvit,0
Celular Samsung Galaxy A8 Plus 2018 Sm-a730f 64gb Dourado,1
Lousa Magnética Grande Em Formato De Vaca Suelen,0
Aplique Madeira E Papel Placa Pinguim Com Colher Lmapc-256 - Litocart,0
Iphone 6 64gb Novo! Lacrado! Garantia De 03 Meses Vendedor,1
Tinta Para Hp Universal High Definition Aton Black 1 Litro,0
Bicama Solteiro Empilhável ou Casal Madeira Maciça - Laqueado Branco - Casatema,0
Estribos Siligel Para Dedos Em Garra Com Alça De Silicone 4017 Orthopauher,0
Capa De Silicone Fume Para Lg G2 Mini,0
Capa Transparente E Película Underbody Iphone 5,0
Bumper Iphone 4/4s Metal Brilho Roxo,0
Exceed Energy Gel (cx c/ 10 uni) - Advanced Nutrition,0
"Smartphone Asus Zenfone 4 Selfie Pro ZD552KL Preto com 64GB, Tela 5.5"", Dual Chip, Câmera Frontal Dupla, Android 7.0, Processador Octa Core e 4GB RAM",1
Capa Lg L3 Ii Tpu Roxo - Idea,0
Capa Flexível - Motorola X2,0
Samsung Galaxy S5 G900m 16gb Original Usado Mancha Na Tela,1
Memory Foam Playthru (Estojo Para Nds Preto) Lat,0
Capa Nokia 620 TPU Roxo - IDEA,0
Samsung Galaxy J5 Prime 32gb Dourado Nota Fiscal,1
"Fonte Carregador Sony Vaio Vgn-E70b/B Vgn-E70b/S - 19,5v 3,3a",0
Sapatilha Lilly's Closet Com Laço,0
Capa Samsung Galaxy S4 Mini Verde,0
Water Cooler Corsair Hydro Series H80i Gt High Performance - Cw-9060017-Ww,0
Reparador Joico K-Pak Split End Mender 100ml,0
Protetor De Hallux Valgus (Joanete) Noturno Tam P (Ref. 4008) – Ortho Pauher,0
Capa Samsung Galaxy Grand Duos PC Branco,0
Meia Cano Longo Masculina,0
Iphone X 256 Gb Novo Lacrado Anatel Cpo,1
Apple Iphone 5 16gb Original Novo De Vitrine,1
Motorola Xt1626 Moto G4 Dual Chip 16gb 4g  Preto | Novo,1
Smartphone Lenovo K8 Note 32gb 3gb Ram 4g Dual Sim Tela 5.5,1
Capa Motorola Moto E PC Branco,0
"Fonte Carregador Sony Vaio Vgn-E51b/D Vgn-E51b/S - 19,5v 3,3a",0
Trator Retroescavadeira Com Acessórios - Calesita,0
Smartphone Blu Vivo Xi+ Plus Dual Sim 128gb 6gb Ram Tela 6.2,1
Refil Para Toner Brother Tn 110 | Tn 115 | Dcp 9040 | Hl 4040 | Mfc 9440 | Mfc 9840 Cyan 140g,0
Celular Xiaomin Redmi Note 5 64gb 4g Ram Pronta Entrega,1
Placa De Diodos  Mitsubishi Pajero 3.2,0
Capa Iphone 6 Plus Cartoon Rosa,0
"Fonte Carregador Ibm Lenovo Thinkpad Z61t Z61m Z61p Z61e - 20v 3,25a",0
Smartphone Xiaomi Redmi Note 5 64gb 4gb Ram 4g Tela 5.99,1
Fonte Compativel Hp Mobile Nw8440 Nw9440 Mobile - 18.5v,0
"Película Para Iphone 5, 5s E 5c De Vidro Temperado - Transparente",0
Bandeja De Acrílico 330 X 390mm Três Triângulos,0
"Smartphone Samsung Galaxy Ace 4 Lite Duos G313M Preto com Tela de 4”, Dual Chip, Android 4.4, Câmera 3MP, 3G, WiFi e Processador de 1GHz",1
Furador Max Toke e Crie Flor Hélice - 16849 - FMA069,0
Celular Motorola Moto G6 Play 32gb 4g Android 8.0 Dourado,1
Película De Vidro Ultra Temperado Lg L Prime,0
Smart Pad,0
Capa Flip Cover Samsung Galaxy Grand Duos Azul Claro,0
Capa De Silicone Fumê Para Moto Maxx,0
Adesivo Quadrado Arabesco Com Flor Laq-96 - Litocart,0
Picareta Estreita Tamanho 5 Sem Cabo - Tramontina,0
"Smartphone Samsung Galaxy Pocket 2 Duos SM-G110B Branco com Dual Chip, Android 4.4, Wi-Fi, 3G, GPS, Câmera 2MP, FM, MP3 e Bluetooth",1
Capa Lg G2 Tpu Branco,0
Capa Lg L1 Tpu Rosa,0
Tinta Para Cartucho Hp 22 28 57 Yellow 500ml Corante,0
Ivy C Com 30 Gramas,0
"Chicote Leader Marine Sports 12 (30,4cm - 30pçs)",0
Caixa De Papelão Para Pipoca Lilás Com 8 Unidades Dafesta,0
Celular Samsung Galaxy J2 Pro Dourado Android 7.1 16gb,1
Papel Adesivo Decoupage Caranguejo Lax-182 - Litocart,0
Celular Motorola Moto G6 Plus Dual 64gb 4gbram Tv Xt1926-8,1
"Sensor De Pressão  Delphi Astra, Blazuler, S10, Vect",0
Eucerin Ph5 Gel Com 250 Ml,0
Tinta Para Cartucho Hp 951 951xl Magenta Aton 100ml Corante,0
"Fonte Carregador Sony Vaio Vgn-Fe550 Vgn-Fe550fm Vgn-Fe550g Vgn-Fe570 - 19,5v 3,3a",0
"Capa S View Cover Samsung Galaxy S4 Mini, Preta, Ef-Ci919bbegww",0
Capa Lg L4 Ii Tpu Amarelo,0
Samsung Galaxy S9 128gb Preto Sm-g9600/ds Anatel Lacrado,1
Shampoo Lorys Kids Blue Shake 500ml,0
Polo Malha Piquet Luk Básica Laranja P,0
Bumper Ero Original Samsung Galaxy S3 Siii I9300 + Pingente Laço (Bd10),0
"Smartphone Apple Iphone 8 Plus 64gb Tela 5,5",1
3D-Men Shampoo Ativador 250ml,0
Smartphone Samsung Galaxy S9 128gb Preto - Lacrado C/nf,1
Capa Personalizada Exclusiva Samsung Galaxy Note 4 N910c - At22,0
Refil De Toner Para Samsung Scx 4725 | Scx 4725fn 1kg,0
Fisiogel Ação Calmante A.I. Loção Cremosa 120ml,0
Grátis Brindes Celular Iphone 5s 16gb - Leia Todo O Anúncio!,0
Smartphone Xiaomi Mi Mix 2s Dual Sim 64gb-5.99 12mp  Preto,1
Película Protetora De Tela Para Galaxy Gran Duos I908 - Fosca,0
Capa Nokia 530 TPU Branco,0
Fonte Compativel Hp Compaq Nx6110 Nx6115 Nx6325 Nx7300 Nx7400 - 18.5v,0
Capa Motorola Moto G Pc Couro Preto,0
"Smartphone Asus Zenfone 4 Max ZC554KL Preto com 16GB, Tela 5.5"", Dual Chip, Câmera Traseira Dupla, 4G, Android 7.0, Processador Quad Core e 2GB RAM",1
Apple Iphone 5s 16gb Original Desbloqueado Novo De Vitrine,1
"Fonte Carregador Ibm Lenovo Thinkpad X60 X60s - 20v 3,25a",0
Capa Samsung Galaxy Y Duos S6102 TPU Branco - IDEA,0
Esfera Fisioterápica Siligel 4022 Orthopauher,0
Palito De Dente Embalado Um A Um Com 2000 Unidades Aurea,0
"Fonte Carregador Sony Vaio Vgn-Fj Vgn-Fj170 Vgn-Fj170/B - 19,5v 3,3a",0
Apple Iphone 8 Plus 64gb Gold Dourado - Novo Lacrado,1
Celular Xiaomi Mi 8 64gb 6gb Ram Snapdragon 845 Global,1
Effaclar Gel Desincrustante 60g,0
Celular Smartphone Motorola Moto Z3 Play Indigo Tela 6,1
Bateria Selada P/ Nobreak Df2000-Pp 12v/115ah Estacionaria - Código 9897 Freedom,0
"Pilha Tamanho N 1,5v 900mah Shrink Goldpeony",0
Capa Samsung Galaxy S4 Verde,0
Smartphone Motorola Moto Z3 Play Power Pack Dtv 64gb Índigo,1
"Smartphone Xiaomi Mi A2 Lite 4gb Ram 64gb 4000mah 4g 5,84",1
"Fonte Carregador Ibm Lenovo Thinkpad Sl410 Sl410k Type 2842 2874 Series - 20v 3,25a",0
Piscina Princess 982 Litros Rosa 91049 - Bestway,0
Boneca Nolly Fala 60 Frases 32cm 124 - Super Toys,0
Batom Vult Nº41,0
"Fonte Carregador Ibm Lenovo Thinkpad R61 R61e R61i - 20v 3,25a",0
Capa Lg L5 Ii Tpu Vermelho,0
Simfort (Lactobacilos) (10saches) - Vitafor,0
Kit Plataforma Para Posicionamento Transversal Do Escorregador - Mel - Casatema,0
"Fonte Carregador Ibm Lenovo Thinkpad R60 R60e - 20v 3,25a",0
"Smartphone Motorola Moto E4 XT1763 Titanium com 16GB, Tela 5'', Dual Chip, Android 7.1, 4G, Câmera 8MP, Processador Quad-Core e 2GB de RAM",1
Celular Motorola Moto C Plus Xt1724 Dual  16gb Tela 5 + Fone,1
Camiseta Mr. Kitsch Gola Careca Dry-fit Preto P,0
Capa Nokia 520 TPU Gel Cinza - IDEA,0
"Smartphone Motorola Moto G5s Plus XT1802 Platinum 32GB, Tela 5.5'', Dual Chip, TV Digital, Android 7.1, Câmera Traseira Dupla 13MP e 3GB RAM",1
Motorola Moto G5s Xt1792 Anatel 32gb Nf-e Dourado I Vitrine,1
Bloco de Encaixe Bateria Antiaérea 226 peças Xalingo,0
"Smartphone Asus Zenfone 4 ZE554KL Verde com 64GB, Tela 5.5"", Dual Chip, Câmera Traseira Dupla, 4G, Android 7.0, Processador Octa Core e 6GB RAM",1
Capa Lg L4 Ii Circulos,0
Kit Capapelicula Iphone 4/4s Pc Bandeira Paises Usa - Idea,0
Capa Transparente E Película Underbody Nokia Lumia 53,0
Carretilha Marine Sports Caster 200 (Manivela Direita),0
Ancinho Metálico Curvo 14 Dentes Com Cabo De Madeira 150 Cm - Tramontina,0
Fantoche Reciclagem 4 Peças Em Feltro Aprendizado 1479 Ciabrink,0
Smartphone Xiaomi Mi A2 Dual Sim 32g - 5.99   -  Ver Cores,1
Boneco Mickey Docinho - Multibrink 6150,0
Suporte Veicular Volante Celular Carro Gps Smartphone Iphone   Preto/Vermelho  Preto/Vermelho  Preto/Vermelho  Preto/Vermelho  Único  Único  Único  Único,0
Palmilha Magnética Turmalina Terumi,0
Dragão Banguela De Luxo - Sunny 1087,0
Estêncil Para Pintura Simples 10x10 Manche - Opa1714 - Opa,0
"Smartphone Samsung Galaxy Win 2 Duos TV G360BT Branco com Dual Chip, Tela de 4.5"", TV Digital, Android 4.4, Câm. de 5MP e Processador Quad Core 1.2GHz",1
Capa Personalizada Exclusiva Samsung Galaxy Note 4 N910c - Ep20,0
Capa Silicone Transparente Para Samsung Galaxy S5 Duos  - Underbody,0
Capa Personalizada Exclusiva Sony Xperia Z Ultra Xl39h C6802 C6806 - Vt12,0
Canudo Frutas Com 10 Unidades Strawplast,0
Samsung A7 2017 A720f Promoção Semi Novo Nf Anatel Garantia,1
"Fonte Carregador Ibm Lenovo Thinkpad R400 R500 - 20v 3,25a",0
Roupeiro Rodial 4 Portas e 2 Gavetas Infantil Branco 1d402 - Rodial,0
Base Liquida Soft Dailus - 08 30g - Bege Escuro,0
Capa Personalizada Exclusiva Samsung Galaxy Note 3 Neo Duos N7502 S7502 N7505 - De06,0
Capa Motorola Moto G Couro Carteira Branco,0
Carregador Veicular Para Ipad E Iphone Com 2 Saídas Usb Kingo - Branco,0
Capa Nokia 520 TPU Gel Amarelo - IDEA,0
Maçaneta Externa Do Porta Malas Escort 92 93 94 95 96 Verona Com Chaves Mecânica,0
"Smartphone Samsung Galaxy S8+ Dourado Tela 6,2  Android 7.0",1
Capa Lg L3 Ii Tpu Verde - Idea,0
Episol Color Loção Fps 30 Cor Morena Com 40 Gramas,0
Película De Vidro Para Samsung Galaxy Gran Prime,0
Capa Carteira Para Lg L70,0
Samsung Galaxy S9+ S9 Plus Anatel 128gb Lacrado Nf Garantia,1
Aplique Madeira E Papel 3d Jacaré Marinheiro Ldmpc-38 ? Litocart,0
Estêncil Para Pintura Simples 20x25 Flor De Lotus - Opa1775 - Opa,0
Película De Vidro Temperado Para Motorola Novo Moto G (2ª Geração),0
Samsung Galaxy S5 G900 Original 16gb Semi Novo,1
Película Para Sony Xperia P - Diamant,0
Lixeira Basculante Grande 60 Litros Sanremo,0
Resma De Papel A4 Report 90gr,0
Smartphone Xiaomi Redmi Note 4 32gb 3gb Ram Dual Chip Global,1
Smartphone Samsung Galaxy S8 + Plus Tela 6.2 Dual Sim 64gb,1
Capa Samsung Galaxy Grand Duos Tpu Transparente,0
Capa Galaxy Fame/Fame Duos TPU Gel Azul,0
Guardanapo De Papel Azul Escuro Folha Simples 30 X 33cm Pacote Com 50 Unidades Dafesta,0
Pulseiras Masculinas Couro E Crucifixo,0
Kit 4 Tintas Cmyk Para Cartucho Hp 21 22 100ml,0
"Fonte Carregador Sony Vaio Vgn-Fe590 Vgn-Fe590gc Vgn-Fe590pa Vgn-Fe590pb - 19,5v 3,3a",0
Bote Spider-Man Azul/Vermelho 98004 - Bestway,0
Boneca Bebê Matrakinha Fala 80 Frases 43cm 37 - Super Toys,0
Richée Argan e Ojon Shampoo Antirresíduo 700ml,0
"Smartphone Sony Xperia XA1 G3116 Branco com 32GB, Tela 5"" HD, Dual Chip, Câmera 23MP, 4G, Android 7.0, Processador Octa-Core e 3GB RAM",1
Fonte 800W modular para PC Gamer e Workstation Pixxo 80+ SLI PFC ativo ATX 2.2 PT800W,0
Bumper Iphone 6 Branco,0
"Smartphone Samsung Galaxy A8 Plus Dourado com 64GB, Dual Chip, Display Infinito de 6"", Android 7.1, Câmera 16MP, Proteção IP68, Octa Core e RAM de 4GB",1
"Smartphone Samsung Galaxy S8 Plus Dual Chip Ametista com 64GB, Tela 6.2"", Android 7.0, 4G, Câmera 12MP e Octa-Core",1
Capa Lg L40 Pc Couro Preto,0
Iphone 6 Plus 16gb Novo Lacrado Original Apple 6 Mês Garanti,1
Skate Street 900 graus com Abec 15 Roda Azul,0
Papel Scrapbook Duplo Multitons Xadrez Rosa KFSB375 By Vlady – Toke e Crie,0
"Smartphone Samsung Galaxy S8+ Dual Chip Android 7.0 Tela 6.2"" Octa-Core 2.3 GHz 64GB Câmera 12MP - Preto",1
Capa Samsung Galaxy Gran Duos Tpu Preto,0
Capa para Vade Mecum com Alça de Ombro Inspiração,0
"Fonte Carregador Sony Vaio Vgn-A617 Vgn-A617b Vgn-A617m Vgn-A617s - 19,5v 3,3a",0
Blocos De Encaixe - Corrida Maluca - Sem Limites - 59 Peças - Xalingo,0
Smartphone Motorola Moto C Plus 16gb Mem 4g Dual 2gb Ram,1
Celular Moto G5s Plus 32gb 3gb Ram Platin+brinde+nota Fiscal,1
"Fonte Carregador Sony Vaio Vgn-Bx295vp Vgn-Bx297xp - 19,5v 3,3a",0
Apple Iphone 8 Plus 64gb Novo Lacrado 1 Ano Garantia Anatel,1
Cabo Hdmi 1.4 - 10 Metros - 3d High Speed Full Hd - Gold Flash - Akasa - Ak-Cbhd02-100,0
Capa Samsung Galaxy S4 PC+TPU Preto/Transparente,0
Carrinho de Bebê Berço-Passeio - Pegasus Pink - Galzerano,0
Capa De Tpu Microsoft Lumia 532 Grafite,0
Smartphone Xiaomi Mi A2 Lite Global 3gb Ram 32gb P/ Entrega,1
"Linha Ygk G-Soul Super Jigman X4 2.5 (0,26mm - 35lb) 300m",0
Celular Motorola G5 32gb Android Tela 5 Câmera 13mp + Fone,1
Dailus Base Líquida Soft Efeito Matte 30g,0
Pincel para Lábios 832 Ricca,0
Capa Motorola D1 TPU Amarelo,0
Capa para Vade Mecum com Alça de Ombro Nobreza,0
Capa Samsung Galaxy Win Duos Flip Azul Claro - Idea,0
"Fonte Carregador Sony Vaio Vgn-A317 Vgn-A317m Vgn-A317s - 19,5v 3,3a",0
Película de vidro ultra temperado Asus Zenfone 5 A501,0
Caminhão Polux Basculante Silmar 6620,0
"Cabo Hdmi X Dvi 1.8 Metros Hdmi 1.4 10,2 Gbps",0
Iphone X 256gb Modelo 1901 Anatel/ Com Nota Fiscal,1
Capa Carteira Para Mororola Moto E2,0
Samsung Galaxy S5 Original G900m Original,1
Sony Xperia Xz1 Compact 32gb G8441 4g 4gb Ram Snapdragon 835,1
"Smartphone Asus Zenfone 4 ZE554KL Preto com 64GB, Tela 5.5"", Dual Chip, Câmera Traseira Dupla, 4G, Android 7.0, Processador Octa Core e 6GB RAM",1
Cabo HDMI para DVI 24-1 de 7mts,0
Macaco Hidraulico Modelo Jacaré Para 2 Toneladas - Hulk,0
Capa Lg L4 Ii Tpu Verde,0
Papel Scrapbook Duplo Coleções Palhaços Quadros SDF537 By Flávia Terzi – Toke e Crie,0
Capa Samsung Galaxy S4 Tread Branco,0
Bumper Para Iphone 6 Dual Color - Transparente Com Lilás,0
Película De Vidro Ultra Temperado Lg G3 Stylus,0
Bumper Samsung Galaxy Fame Preto/Transparente,0
Bumper Para Iphone 4 E 4s Dual Color - Branco,0
Colchão Solteiro De Espuma Ortobom Viscomemory 88x188x32,0
Capa Samsung Galaxy Win Duos Ultra Slim Verde,0
Capa Samsung Galaxy Grand Duos Branco,0
Bumper Samsung Galaxy S3 Mini Branco/Transparente,0
Garfo Descartável Para Sobremesa Verde Com 50 Unidades Prafesta,0
"Fonte Carregador Ibm Lenovo Thinkpad Z61t Z61m Z61p Z61e R61 - 20v 3,25a",0
Numerais e Quantidades - Ciabrink,0
Bumber Samsung Galaxy Note 2 Rosa,0
Capa Motorola Moto G TPU Roxo,0
Capa Nokia 925 TPU Branco,0
Smartphone Samsung Galaxy S6 Edge G925i 32gb Preto (vitrine),1
Capa iPhone 5/5s Gelo Azul,0
"Smartphone Samsung Galaxy J2 Prime TV Preto com 8GB, Dual chip, Tela 5"", TV Digital, 4G, Câmera 8MP, Android 6.0 e Processador Quad Core de 1.4 Ghz",1
Capa Samsung Galaxy Duos Brilho Rosa,0
Cinta Elástica Lombar Salvapé Lite 161 Lt,0
Capa Transparente Para Lg G3,0
Encosto Ortopédico Bio Coluna Ac-010 Orthopauher,0
Giant Whey 908gr - Bodybuilders-Morango,0
Capa Samsung Galaxy S3 Mini Times Square,0
Capa Samsung Galaxy S Duos Tpu Amarelo - Idea,0
Kit 4 Tintas Para Cartucho Hp 950 951 Black 1 Litro Cyan Yellow Magenta 500ml,0
Tala De Tecido Para Polegar E Punho 437 Salvape,0
"Smartphone Samsung Galaxy E5 4G Duos E500M/DS Branco com Dual Chip, Tela 5"" HD sAMOLED, Android 4.4, Câmera 8MP e Processador Quad Core 1.2GHz",1
Forever Liss Matizador Mega Blond Ultra Matizador - 500ml,0
Cooler 120x120mm Cooler Master Sickle Flow X - R4-Sxnp-20fk-R1,0
Capa Carteira Para Microsoft Lumia 435,0
Smartphone Motorola Moto E4 Plus Xt1771 Xt1773 16gb 5.5 Gold,1
Apple Watch Series 3 38mm Nike + Gps Prova D'água,0
Celular Xiaomi Mi A2 64gb 4g Ram C\nota Black Novo Lacrado,1
Corretivo 3 Em 1 Siligel Ultra Ortho Pauher,0
Fonte 800w Para Pc Gamer E Workstation Pixxo 80+ Sli Pfc Ativo Atx2.2 Pe800s,0
Capa E Película Underbody Nokia Lumia 535,0
Capa Samsung Galaxy Fame/Fame Duos Pc Preto,0
Capa Samsung Galaxy Gran Duos Amarelo - Idea,0
Cabo Apple Cabo De Lightning Para Usb (2m) (Md819bz/A),0
Caixa De Papelão Para Pipoca Branca Com Bolinha Azul Com 8 Unidades Dafesta,0
Joico Moisture Recovery Shampoo 300ml,0
"Smartphone Motorola Moto G6 Plus XT1926 Índigo 64GB, Tela de 5.9"", Dual Chip, Android 8.0, Câmera Traseira Dupla, Processador Octa-Core e 4GB de RAM",1
"Fonte Carregador Sony Vaio Pcg-R505tf Pcg-R505tl Pcg-R505ts Pcg-R505tsk - 19,5v 3,3a",0
Capa Personalizada Exclusiva Samsung Galaxy Note 4 N910c - Pe28,0
Hidrolysis 907g - Black Skull - Baunilha,0
Disco Flash DTC 2767,0
Smartphone Samsung A530f Galaxy A8 Duos Dual Tela 5.6 64gb,1
Violão Elétrico Jumbo Aço Hofma Ye223 Bk Preto C Afinador,0
Capa iPhone 6 Plus PC Branco,0
Capa Samsung Galaxy Pocket Tpu Cinza,0
"Celular Alcatel Pixi 4 - 5010e Lite, Dual Chip, Tv Digital, Tela 5"", 8gb, Câmera 8mp E Frontal 8mp C",1
Samsung Galaxy S9+ Plus 128gb Preto - Lacrado Nacional,1
Pelicula Sony Xperia U Anti-Reflexo,0
"Smartphone LG K9 TV 16GB, Tela de 5.0"" HD Android 7.0 Câmera 8MP Dourado",1
Cooler Para Notebook Com 6 Níveis De Ajuste De Altura Is930,0
Celular Motorola Moto G6 Plus 64gb 4gb Ram Tela 5.9 Índigo,1
Redermic Hyalu C Uv 40ml,0
Capa Para Travesseiro Adulto em Fibra de Bambu,0
Colete Elástico Lombo-Sacro Salvapé Lt 141-3 Putti Baixo Lite Cinturado,0
Jean Paul Gaultier Le Male Edt,0
Active C Cr Anti Rugas 30ml,0
Smartphone Motorola Moto G6 Plus 64gb 4gb Octacore - Índigo,1
Estêncil Para Pintura Simples 10x10 Pimentão - Opa1716 - Opa,0
Capa De Silicone Fumê Para Lg F60 - Underbody,0
Shampoo Anti Caspa Clear Women Crescimento E Força 200Ml,0
Película Protetora De Tela Para Galaxy S3 I9300 - Transparente,0
Capa Flexível - Lg G3 Mini,0
Estêncil Para Pintura Simples 10x10 Ladrilho Flor - Opa1712 - Opa,0
Capa Transparente E Película Underbody Samsung Galaxy A7 Duos,0
Capa Flip Cover Motorola Moto E Couro Estrela,0
Celular Motorola Moto C Plus 16g Tela 5'   Frete Grátis \o/,1
Sebastian Professional Form Texture Maker Spray de Fixação Flexível 150ml,0
Samsung Galaxy S9 128gb 5.8 2.8ghz  12mp Lacrado Anatel +nfe,1
Samsung Galaxy Pocket 2 Duos G110 - Android 3g - De Vitrine,1
Episol Color Morena Mais Fps30 Loc 40g,0
Bumper Ero Original Galaxy S3 Siii I9300 + Pingente Laço (Bd07),0
"Fonte Carregador Sony Vaio Vgn-Bx543 Vgn-Bx543b - 19,5v 3,3a",0
"iPhone 8 Apple Plus com 64GB, Tela Retina HD de 5,5”, iOS 11, Dupla Câmera Traseira, Resistente à Água, Wi-Fi, 4G LTE e NFC - Prateado",1
Barra De Apoio Para Cama Stand Up,0
Celular Motorola Moto G6 Plus 64gb 4gb Octacore 2.2ghz,1
"Bateria 3,6v 600mah 3xaa Para Telefone Sem Fio 60a",0
Capa Flexível - Samsung Galaxy A7,0
Capa Lg L70 Pc Couro Preto,0
Capa Lg L50 Tpu Rosa,0
Capa Transparente E Película Samsung Galaxy E5,0
Celular Alcatel A3 Xl Max 3gb/32gb 9008n - Dourado Ou Preto,1
"Fonte Carregador Sony Vaio Vgn-Fe880e/H Vgn-Fe890 - 19,5v 3,3a",0
Violão Elétrico Michael Venetian Vm625dtst Aço - Natural Satin,0
Smartphone Apple Iphone 5c 16gb Original Apple,1
Boneca Anne Cante Comigo Recita Contos E Canta 204 - Super Toys,0
Iphone X 256gb  Novo! Lacrado!  Cpo! 1 Ano De Garantia Apple,1
Capa Flip Cover Samsung Galaxy S3 Rosa,0
Riva Block 84 Peças 004 - Calesita,0
"Smartphone Samsung Galaxy Ace 4 Duos G313M/DS Cinza com Tela de 4”, Dual Chip, Android 4.4, Câmera 5MP, 3G e Processador Dual Core de 1GHz",1
Capa Personalizada Exclusiva Xiaomi Redmi 2 - Ep10,0
Mirror Cast Multilaser Au906 - Espelhamento De Tela Do Smartphone Ios Ou Android,0
"iPhone 8 Apple Plus com 256GB, Tela Retina HD de 5,5”, iOS 11, Dupla Câmera Traseira, Resistente à Água, Wi-Fi, 4G LTE e NFC - Cinza-Espacial",1
Regulador De Voltagem 856 - 14v,0
Massageador Facial Corporal E Limpeza De Pele 5 Em 1,0
Capa Motorola Moto G PC Emborrachado Vermelho,0
Capa Flip Cover Galaxy Grand Duos I9080/I9082 (Preto),0
Pulseira Bracelete Cabo De Dados Iphone 5 / 5s / 5c / 6 / 6 Plus Azul,0
Celular Caterpillar Cat S60 32gb Cam Térmica 4g Original,1
Celular J810m Galaxy J8 64gb,1
"Smartphone Asus Zenfone 4 Selfie ZD553KL Verde com 64GB, Tela 5.5"", Dual Chip, Câmera Frontal Dupla, Android 7.0, Processador Octa Core e 4GB RAM",1
Capa Samsung Galaxy Mini S5570 Tpu Transparente,0
Carro Roller Baby Versati Mex Elt Azul Magic Toys 1034,0
Botão Da Maçaneta Externa Da Porta Dianteira Fusca 1959 Até 1977 Karmann Ghia Cromado Com Chaves,0
Café Almofada Tradicional Com 500g 3 Corações,0
Adaptador DVI Fêmea x HDMI Macho - Genérico,0
"Colchão Casal Queen Ecoline D-45 C/ Sistema Antiácaro, Antifungo E Antialérgico (158x198x25)",0
Capa iPhone 4/4S Running Car Preto,0
Kit Violão Elétrico Strinberg Aw53   Caixa Lx40  Capa  Acessórios - Preto,0
Celular Samsung J400m Galaxy J4 Prata 32 Gb,1
Pulseira Masculina Crucifixo E Ônix,0
Capa Motorola D3 Couro Branco,0
Capa Samsung Galaxy S3 Mini PC Branco,0
"Smartphone LG K10 Pro LGM400DF Titânio com 32GB, Dual Chip, Tela de 5.7"" HD, Android 7.0, Câmera 13MP e Processador Octa Core de 1.5 GHz",1
Carrinho Pick-Up Bombeiro - Calesita,0
Capa Samsung Galaxy Grand Duos PC Robotic Silicone Preto,0
Celular Smartphone Galaxy S9 +(plus) 128 Gb Preto,1
Fonte Compativel Hp Compaq Tc4200 Tc4400 Tablet Pc - 18.5v,0
Iphone 6 64gb Apple Original 4g 4'7 Rfb Desb A Vista R$1.499,1
Isolon 2lbs - Black Skull,0
Tinta Para Cartucho Canon Cl211 | Mp495 Yellow Corante 1 Litro,0
Álbum para Scrap Momentos - Pequeno Marfim e Kraft - Toke e Crie - 16156,0
"Iphone 8 Plus 64gb + Nota Fiscal + Lacrado (avista 3888,88)",1
Guardanapo De Papel Folha Simples Verde Bandeira 30 X 33cm Pacote Com 50 Unidades Dafesta,0
Capa Samsung Galaxy Gran Duos Piano,0
"Sensor Temperatura Painel Iguaçu 26-220, 26-300, 4",0
"Whey Zero 4,4lbs - Black Skull",0
Capa Samsung Galaxy Win Duos Ultra Slim Vermelha,0
Capa Samsung Galaxy Win Duos I8552 Preta,0
Capa Lg G2 Lite D295 Tpu Preto,0
Capa Personalizada Exclusiva Sony Xperia Z3 Compact Mini D5803 D5833 - At06,0
Clips Galvanizados Ref.2 500G. Bacchi,0
Blush Up Dailus Color 16 Terra,0
"Fonte Carregador Sony Vaio Vgn-Cr11z Vgn-Cr11z/R - 19,5v 3,3a",0
Tinta Para Cartucho Hp 22 28 57 Cyan 500ml Corante,0
Capa Transparente E Película Underbody Microsoft Lumia 532,0
Encordoamento Baixo 6 Cordas Nig N760 .045.130 Escala Longa,0
Celular Samsung J400m Galaxy J4 Preto 32 Gb,1
Bumper Ero Original Galaxy S3 Siii I9300 + Pingente Laço (Bd04),0
Violão Elétrico Michael Folk Vm925dtss Aço - Sunburst Fosco,0
Capa Transparente E Película Underbody  Nokia Lumia 830,0
Perfume Ange Ou Deacute.Mon Le Parfum Amp. Son A,0
Teatro De Fantochestecidociabrink,0
Capa Iphone 5/5s Gelo Rosa,0
Smartphone Motorola Moto G6 Play 32gb 3gb Octacore - Ouro,1
Apple Watch Series 3 42mm Gps Garantia Apple + Brinde,0
"Smartphone Asus Zenfone 4 Selfie ZD553KL Gold com 64GB, Tela 5.5"", Dual Chip, Câmera Frontal Dupla, Android 7.0, Processador Octa Core e 4GB RAM",1
Lançamento Xiaomi Redmi S2 64gb Dual Sim Rom Global Oreo 8.1,1
Capa  Película Vidro Lg G4 / Dual Silicone Tpu Premium - Husky - Fumê,0
Capa Motorola Moto E TPU Esmalte Rosa,0
Capa Case Galaxy Tab A - 9.7´ P550/P555 Carteira / Caneta Touch (Rosa),0
Capa Samsung Tab 3 8 Rotate Rosa,0
Carregador Veicular Combo - Veicular Power Bank E Lanterna. Cor Branco,0
Gabarito Marcação Príncipe 2 A/B 23X31cm GM045 Toke e Crie by Vlady,0
"Celular Lg K10 Novo 2017 4g M250ds 32gb Tela 5,3 Original",1
"Fonte Carregador Sony Vaio Vgn-Fe770g Vgn-Fe790 - 19,5v 3,3a",0
La Roche-Posay Redermic R Corretor Concentrado Olhos Intensivo 15ml,0
Capa Samsung Galaxy S4 Pc Happy,0
Smartphone Motorola Moto C Plus Xt1723 Dualchip16gb Original,1
Estêncil Para Pintura Simples 10x30 Gaveta Colonial - Opa1721 - Opa,0
Fonte Compativel Hp Compaq 8510w 8710w Mobile Workstation - 18.5v,0
Jogo De Dardos Tabuleiro Alvo +Dardos,0
Smartphone Xiaomi Mi 8 64gb/6gb Dual Sim Global P/ Entrega,1
"Smartphone Sony Xperia XZ1 G8341 Preto com 64GB, Tela 5,2"", Single Chip, Câmera 19MP, 4G, Android 8.0, Processador Octa-Core e 4GB RAM",1
Xiaomi Mi A2 Lite 64gb 4gb Dual Chip Tela 5.84 Rom Global,1
Capa Nokia Lumia 800 - TPU Transparente,0
"Computador Neologic NLI48181 Intel Core i5-4440 4GB 500GB + Monitor 21,5"" Windows 8",0
Bumper Ero Original Samsung Galaxy S3 Siii I9300 + Pingente Laço (Bd12),0
Caixa Térmica De Isopor Com Capacidade De 3 Litros Isoterm,0
Iphone 8 64gb Novo Lacrado Anatel Garantia Pela Apple 1 Ano,1
Celular Moto C Plus 16gb 4g Original Dourado,1
Aplique Madeira E Papel Placa Jacaré De Boia Lmapc-247 ? Litocart,0
"Xiaomi Redmi 5 Plus 32gb 3gb Dual Chip Rom Global Tela 5,99'",1
Tinta Sublimatica Inkprinter Para Transfer E Sublimação Impressora Epson (4x100 Ml),0
Capa Samsung Galaxy Young Tpu Rosa,0
Forno de Embutir à Gás Cristallo 90 Litros - 220V,0
Preta Gil Esmalte Cremoso Cinza Luxo 9ml,0
Kit 4 Tintas Para Cartucho Hp 950 951 Cmyk Aton 500ml,0
Celular Xiaomi Redmi Note 4 64gb 5.5,1
Roc Pro Renove Fluído Com 40 Ml,0
Capa Samsung Galaxy S4 Vermelho,0
Isolon 2lbs - Black Skull,0
Capa Samsung Galaxy S Duos S7562 Roxo - Idea,0
Carregador Veicular Combo - Carregador  Power Bank E Lanterna (Cor Preta),0
Papel Decoupage Flores Roxas Ld-797 - Litocart,0
Capa Case Samsung Galaxy Tab S - 10.5´ T800/801/805 Giratória 360º / Caneta Touch (Roxo),0
Relógio Samsung Gear S3 Sm-r770 Classic Wifi Bluetooth,0
Celular Xiaomi Redmi Note 5 64gb 4gb 5.99pol,1
Suporte para Shampoo Simples Banho Mais Vermelho,0
Refil De Toner Samsung Ml 150 | Ml 550 | Ml 551n | Ml 55w 00g  Chip Samsung Ml 550,0
"Bobina Do Distribuidor  Delphi Ipanema, Kadett, Mo",0
"Smartphone Motorola Moto G5s Plus XT1802 Ouro Rosé 32GB, Tela 5.5'', Dual Chip, TV Digital, Android 7.1, Câmera Traseira Dupla 13MP e 3GB RAM",1
Kit 4 Tintas A Cartucho Hp 940 Cmyk Aton 100ml,0
Capa Personalizada Exclusiva Samsung Galaxy Note 4 N910c - Mu01,0
Cadeira Armshel Infantil Base Madeira Verde Cadarmif Vd By Haus,0
Equaliv Vitamina D Gts 30ml,0
Coqueteleira Fume 700ml - Probiótica,0
Pelicula De Vidro Para Celular Samsung Galaxy J5 J500,0
Celular Iphone 5s 32gb Desbloqueado 100% Funcionando 3g 4g B,1
Capa Transparente E Película Underbody Nokia Lumia 530,0
Smartphone Samsung Galaxy J7 Pro 64gb 4g J730 12x Sem Juros,1
Capa Samsung Galaxy S4 Pc Smile,0
Sabonete Liquido Facial Dermotivin Original Flip Top,0
Película Protetora Para Motorola Moto X - Fosca,0
Bateria Externa E2u - 10200mah,0
Kit 2 Trucks Especiais Alumínio para Skate Bel Fix Sports mod 4037 - Belfix,0
Apple Iphone 5s 16gb 4g 100% Original  Promoção Envio Já,1
Violão Jumbo Elétrico Michael Vm625dt Venetian Com Bag,0
Espeto De Madeira Para Churrasco De 250mm Com 100 Unidades Gaboradi,0
Schwarzkopf Professional 3D Men Deep Cleansing - Shampoo 1000ml,0
Película De Vidro - Samsung Galaxy J5 J500f,0
"Fonte Carregador Sony Vaio Pcg-R600hfp Pcg-R600hmk Pcg-R600hmkd Pcg-R600hmp - 19,5v 3,3a",0
Violão Elétrico Eagle Ch10 Srs Rosa Burst Aço,0
Relógio Diesel Mega Chief DZ4320/0PN,0
Capa para Vade Mecum com Alça de Ombro Veneza,0
Capa Lg G2 Mini Tpu Branco,0
Smartphone Motorola Moto G6 Play Dourado 32 Gb Xt1922,1
Capa Transparente E Película Underbody Samsung Galaxy Core Plus,0
Fonte Compativel Acer Travelmate 2300 2300lc 2300lci 2300lm - 19v 3.42a,0
Samsung Galaxy S8 5.8in 64gb Câmera 12mp+8mp Ametista,1
Adesivo Emborrachado Ursos Ad497 - Toke E Crie,0
Capa Motorola Moto G TPU Esmalte Vermelho,0
"Smartphone Motorola Moto Z2 Play Sound Edition Platinum 64GB, Tela 5.5'', Dual Chip, Câmera 12MP, Android 7.1, Processador Octa-Core e 4GB de RAM",1
Bumber Motorola D1 Branco,0
Blocos de Encaixe Salão de Beleza 91 Peças - Xalingo,0
"Fonte Carregador Ibm Lenovo Thinkpad Sl510 Sl510k Type 2847 2875 Series - 20v 3,25a",0
Iphone 8 256gb Dourado,1
Iphone 6 16gb Novo Lacrado Original Apple 6 Mês Garantia,1
Capa Flip Cover Samsung Galaxy S4 Window Vermelho,0
Estêncil Para Pintura Simples 15x20 Brinco De Princesa - Opa1750 - Opa,0
Shiny Toys-Mini Violão 000181,0
Capa Motorola Moto E TPU Esmalte Prata,0
Exceed Energy Gel (unidade) - Advanced Nutrition-Tangerina,0
Fonte De Alimentação 12v 1000ma 100/240v Rohs 9124,0
"Smartphone Lenovo Vibe K6 Plus Grafite com 32GB, Tela 5.5"", Câmera 16MP, 4G, Dual Chip, Android 6.0, RAM de 3GB e Processador Qualcomm Octa-Core",1
Xiaomi Mi A2 Global 4gb Ram 64gb 20mp Snapdragon 660 Android,1
"Smartphone Asus Zenfone 4 Selfie Pro ZD552KL Vermelho 64GB, Tela 5.5"", Dual Chip, Câmera Frontal Dupla, Android 7.0, Processador Octa Core e 4GB RAM",1
Capa Samsung Galaxy S Duos 2 S7582/S Duos Branco,0
Capa Samsung Galaxy Ace 3 Super Tpu Branco,0
Samsung Galaxy S8 64gb Duos Original Novo De Vitrine G950fd,1
Película Protetora De Tela Para Iphone 4 E 4s Frente E Verso - Transparente,0
"Smartphone Samsung Galaxy Young 2 Duos G130M Cinza com Tela 3.5"", Dual Chip, Android 4.4, 3G, Wi-Fi, GPS, Rádio FM e Câmera de 3MP.",1
Cinta Slackline Azul 15 metros,0
Omnitrix Touch Omniverse Nova Versão - Sunny 654,0
Capa Samsung Galaxy Pocket Vermelho - Idea,0
"Fonte Carregador Sony Vaio Vgn-Bx Vgn-Bx194vp - 19,5v 3,3a",0
Capa Transparente E Película Underbody Lg G3 Mini,0
Motorola Moto G6 Plus Azul Topazio Dual 5.9  64gb 4g 12mp,1
"Par Alto Falante 6x9"" Bravox B4x69 P - 160w Rms O Par - 4 Ohms",0
Motorola Moto G5s 32gb G 5s Xt1794 2chip 4g Tela 5.2 16mp Nf,1
Celular Motorola Moto G5s Plus 32gb/4gb Original Grafite,1
Capa Transparente E Película Underbody Iphone 4,0
Aplique Madeira e Papel Placa Tartaruga LMAPC-263 - Litocart,0
iPhone 8 Plus Apple RED Special Edition 64GB Tela Retina HD 5.5” iOS11 Câmera Dupla 12MP Vermelho,1
Kit 4 Refis De Toner Para Hp Cp1215 High Definition Aton Cmyk,0
Palmilha Silipauher Com Arco Brando 7001 Orthopauher,0
Capa Motorola Moto E PC Dourado,0
Samsung Galaxy K Zoom C115 20mp 4g Wifi Tela De Demonstração,1
Batom Vult Nº66,0
Size Mass 72.700 3kg - Brn Foods,0
Capa Preta Para Samsung Galaxy E7,0
Eucerin Fluido Clareador Com 50ml,0
"Fonte Carregador Sony Vaio Vgn-C2s Vgn-C2s/G Vgn-C2s/H Vgn-C2s/L - 19,5v 3,3a",0
Capa Motorola Moto G TPU Esmalte Verde Escuro,0
Tinta Para Cartucho Hp 22 28 57 1 Litro Corante Cyan,0
Capa Motorola Moto G2 TPU Amarelo,0
Violão Elétrico Nylon Hofma Ye230 Srs Rosa C Afinador,0
Papel Adesivo Decoupage Jacaré No Farol Lax-177 - Litocart,0
Bumper Face Mirror Series Iphone 4 E 4s / Película (Bd05),0
Leitor De Código De Barras Imager Datalogic Qd2430 Usb Preto C/ Suporte,0
Cadeira Infantil Em Madeira Torneada - Laca Preta,0
Carboplex Malto 1kg - Advanced Nutrition,0
Smartphone Xiaomi Redmi Note 5 32gb Mem 3gb Ram Dual 5.99pol,1
Capa Flexível - Lg G2 Mini,0
Capa Personalizada Exclusiva Motorola Moto G3 3ª Geração - Tx55,0
Capa Lg L3 Ii Tpu Vermelho - Idea,0
Capa Case Samsung Galaxy Tab 4 - 8´ T330 Giratória 360º / Caneta Touch (Roxo),0
Capa Personalizada Exclusiva Samsung Galaxy Note 4 N910c - Cd18,0
Suporte Veicular 360ª Para Iphone 5/5s / Película,0
Pulseira Masculina Feminina Lava Vulcância Crucifixo,0
Iphone 5s 16gb Novo Lacrado Garantia Vendedor 6 Meses,1
Capa Transparente Para Microsoft Lumia 435,0
Capa Samsung Galaxy Pocket Branco,0
